{
    "INVALID_VALUE": "Valor inválido",
    "PASSPORT_NOT_FOUND": "Passaporte não encontrado",
    "PROFILE_NOT_FOUND": "Perfil não encontrado",
    "PHONE_NOT_FOUND": "Número não encontrado",
    "MESSAGE_BLOCKED": "Você não consegue enviar mensagem para este número",
    "PLAYER_OFFLINE": "Morador fora da cidade",
    "NO_PERMISSION": "Sem permissão",
    "MESSAGE_TOO_LONG": "Mensagem muito grande",
    "USER.NO_ID": "Falha ao buscar seu passaporte",
    "USER.NO_IDENTITY": "Falha ao buscar sua identidade",
    "TRANSFER.LOCK": "Aguarde sua transferência anterior",
    "TRANSFER.SELF": "Você não pode transferir para si mesmo",
    "TRANSFER.NO_FUNDS": "Saldo insuficiente",
    "BANK.PIX_NOT_FOUND": "Chave pix não encontrada",
    "BANK.PIX_DISABLED": "O pix está desativado",
    "BANK.INVOICE_NOT_FOUND": "Fatura não encontrada",
    "BANK.INVOICE_SELF": "Você não pode se cobrar",
    "BANK.INVOICE_ALREADY_PAID": "Esta fatura já está paga",
    "BANK.INVOICE_NOT_YOURS": "Esta fatura não é sua",
    "BANK.INVOICE_REQUEST": "Deseja aceitar a fatura {reason} de {name} no valor de {value}",
    "BANK.INVOICE_NOTIFY_TITLE": "Faturas",
    "BANK.INVOICE_NOTIFY_ACCEPTED": "{name} aceitou sua fatura",
    "BANK.INVOICE_NOTIFY_REJECTED": "{name} recusou sua fatura",
    "CALL.NOT_FOUND": "Esta ligação não existe mais",
    "CALL.OFFLINE": "Número fora de área",
    "CALL.LOCK": "Você já está realizando uma ligação",
    "CALL.OCCUPIED": "Esta linha está ocupada",
    "INSTAGRAM.POST_NOT_FOUND": "Esta publicação não foi encontrada",
    "INSTAGRAM.INVALID_USERNAME": "Usuário inválido, use letras/numeros com o máximo de 24 caracteres",
    "INSTAGRAM.INVALID_NAME": "Nome inválido",
    "INSTAGRAM.ALREADY_REGISTERED": "Você já possui conta",
    "INSTAGRAM.USERNAME_TAKEN": "Este nome de usuário já existe",
    "INSTAGRAM.LIMIT_REACHED": "Você atingiu o máximo de contas",
    "INSTAGRAM.REOPEN": "Reabra o aplicativo (comunique a prefeitura)",
    "INSTAGRAM.REPLY": "{name} comentou em sua publicação",
    "INSTAGRAM.MENTION": "{name} mencionou você em uma publicação",
    "INSTAGRAM.PUBLISH": "{name} publicou uma foto",
    "INSTAGRAM.LIKE": "{name} curtiu sua publicação",
    "INSTAGRAM.FOLLOW": "{name} seguiu você",
    "INSTAGRAM.WAIT_USERNAME_CHANGE": "Aguarde uma hora para trocar o nome de usuário novamente",
    "OLX.INVALID_TITLE": "Título inválido",
    "OLX.CATEGORY_MANDATORY": "A categoria é obrigatória",
    "OLX.DESCRIPTION_MANDATORY": "A descrição é obrigatória",
    "OLX.IMAGE_MANDATORY": "A imagem é obrigatória",
    "OLX.IMAGE_MAXIMUM": "O máximo de imagens é 3",
    "SERVICE.UNAVAILABLE": "Serviço indisponível no momento",
    "SERVICE.NOT_FOUND": "Este serviço não existe",
    "SERVICE.ALREADY_SOLVED": "Esse chamado já foi atendido",
    "TWITTER.INVALID_FORM": "Formulário inválido",
    "TWITTER.INVALID_USERNAME": "Usuário inválido",
    "TWITTER.INVALID_NAME": "Nome inválido",
    "TWITTER.INVALID_BIO": "Biografia inválida",
    "TWITTER.INVALID_TWEET": "Tweet inválido",
    "TWITTER.LOGIN_EXPIRED": "Login expirado",
    "TWITTER.USERNAME_TAKEN": "Este nome de usuário já existe",
    "TWITTER.FAIL_TO_CREATE": "Não foi possível criar sua conta",
    "TWITTER.FAIL_TO_TWEET": "Falha ao cadastrar seu tweet",
    "TWITTER.REPLY": "{name} respondeu seu tweet",
    "TWITTER.RETWEET": "{name} retweetou você",
    "TWITTER.LIKE": "{name} curtiu seu tweet",
    "TWITTER.FOLLOW": "{name} seguiu você",
    "WHATSAPP.NUMBER_OUT_GROUP": "Este número não faz parte do grupo",
    "WHATSAPP.NUMBER_IN_GROUP": "Este número já está no grupo",
    "WHATSAPP.GROUP_NOT_FOUND": "Grupo não encontrado",
    "WHATSAPP.GROUP_FULL": "O grupo está cheio",
    "WHATSAPP.GROUP_NOT_OWNER": "Você não é o dono do grupo",
    "WHATSAPP.OWNER_LEAVE": "Você não pode sair do grupo sendo dono",
    "TOR.USER_OFFLINE": "Usuário offline",
    "TOR.PAYMENT_NOTIFY": "Você recebeu {value} de @{user}",
    "TOR.PAYMENT_RECEIPT": "Você enviou {value} para @{user}",
    "TOR.BLOCKED": "Você não pode acessar este aplicativo"
}